INSERT INTO `suseok`.`User` 
(`user_id`, `user_pwd`, `user_name`, `user_nick`, `email`, `address`, `img`, `phone`, `exposure`) 
VALUES
('user01', 'password1', 'John Doe', 'johnny', 'john.doe@example.com', '123 Main St', 'img1.jpg', '123-456-7890', 1),
('user02', 'password2', 'Jane Smith', 'janeS', 'jane.smith@example.com', '456 Oak St', 'img2.jpg', '123-456-7891', 1),
('user03', 'password3', 'Jim Brown', 'jimmy', 'jim.brown@example.com', '789 Pine St', 'img3.jpg', '123-456-7892', 1),
('user04', 'password4', 'Jake White', 'jakeW', 'jake.white@example.com', '321 Maple St', 'img4.jpg', '123-456-7893', 1),
('user05', 'password5', 'Lucy Black', 'lucyB', 'lucy.black@example.com', '654 Birch St', 'img5.jpg', '123-456-7894', 1),
('user06', 'password6', 'Lily Green', 'lilyG', 'lily.green@example.com', '987 Elm St', 'img6.jpg', '123-456-7895', 1),
('user07', 'password7', 'Max Blue', 'maxB', 'max.blue@example.com', '147 Cedar St', 'img7.jpg', '123-456-7896', 1),
('user08', 'password8', 'Emma Purple', 'emmaP', 'emma.purple@example.com', '258 Fir St', 'img8.jpg', '123-456-7897', 1),
('user09', 'password9', 'Oliver Yellow', 'oliverY', 'oliver.yellow@example.com', '369 Redwood St', 'img9.jpg', '123-456-7898', 1),
('user10', 'password10', 'Sophia Pink', 'sophiaP', 'sophia.pink@example.com', '741 Spruce St', 'img10.jpg', '123-456-7899', 1),
('user11', 'password11', 'Liam Red', 'liamR', 'liam.red@example.com', '852 Hemlock St', 'img11.jpg', '123-456-7900', 1),
('user12', 'password12', 'Mia Orange', 'miaO', 'mia.orange@example.com', '963 Cypress St', 'img12.jpg', '123-456-7901', 1),
('user13', 'password13', 'Noah Brown', 'noahB', 'noah.brown@example.com', '159 Juniper St', 'img13.jpg', '123-456-7902', 1),
('user14', 'password14', 'Isabella Gold', 'bellaG', 'bella.gold@example.com', '753 Aspen St', 'img14.jpg', '123-456-7903', 1),
('user15', 'password15', 'Mason Silver', 'masonS', 'mason.silver@example.com', '852 Alder St', 'img15.jpg', '123-456-7904', 1),
('user16', 'password16', 'Ethan Bronze', 'ethanB', 'ethan.bronze@example.com', '951 Poplar St', 'img16.jpg', '123-456-7905', 1),
('user17', 'password17', 'Ava Gray', 'avaG', 'ava.gray@example.com', '123 Cherry St', 'img17.jpg', '123-456-7906', 1),
('user18', 'password18', 'Logan Black', 'loganB', 'logan.black@example.com', '456 Willow St', 'img18.jpg', '123-456-7907', 1),
('user19', 'password19', 'Charlotte Pink', 'charlotteP', 'charlotte.pink@example.com', '789 Oak St', 'img19.jpg', '123-456-7908', 1),
('user20', 'password20', 'Elijah White', 'elijahW', 'elijah.white@example.com', '321 Maple St', 'img20.jpg', '123-456-7909', 1),
('user21', 'password21', 'David Purple', 'davidP', 'david.purple@example.com', '123 Oak St', 'img21.jpg', '123-456-7910', 1),
('user22', 'password22', 'Amelia Blue', 'ameliaB', 'amelia.blue@example.com', '456 Pine St', 'img22.jpg', '123-456-7911', 1),
('user23', 'password23', 'James Green', 'jamesG', 'james.green@example.com', '789 Birch St', 'img23.jpg', '123-456-7912', 1),
('user24', 'password24', 'Harper Black', 'harperB', 'harper.black@example.com', '321 Cedar St', 'img24.jpg', '123-456-7913', 1),
('user25', 'password25', 'Michael Yellow', 'michaelY', 'michael.yellow@example.com', '654 Fir St', 'img25.jpg', '123-456-7914', 1),
('user26', 'password26', 'Evelyn Red', 'evelynR', 'evelyn.red@example.com', '987 Redwood St', 'img26.jpg', '123-456-7915', 1),
('user27', 'password27', 'Benjamin Orange', 'benjaminO', 'benjamin.orange@example.com', '147 Spruce St', 'img27.jpg', '123-456-7916', 1),
('user28', 'password28', 'Ella Pink', 'ellaP', 'ella.pink@example.com', '258 Hemlock St', 'img28.jpg', '123-456-7917', 1),
('user29', 'password29', 'Lucas Gray', 'lucasG', 'lucas.gray@example.com', '369 Cypress St', 'img29.jpg', '123-456-7918', 1),
('user30', 'password30', 'Avery Brown', 'averyB', 'avery.brown@example.com', '741 Juniper St', 'img30.jpg', '123-456-7919', 1),
('user31', 'password31', 'Alexander Gold', 'alexG', 'alex.gold@example.com', '852 Aspen St', 'img31.jpg', '123-456-7920', 1),
('user32', 'password32', 'Sofia Silver', 'sofiaS', 'sofia.silver@example.com', '963 Alder St', 'img32.jpg', '123-456-7921', 1),
('user33', 'password33', 'Henry Bronze', 'henryB', 'henry.bronze@example.com', '159 Poplar St', 'img33.jpg', '123-456-7922', 1),
('user34', 'password34', 'Aubrey White', 'aubreyW', 'aubrey.white@example.com', '753 Cherry St', 'img34.jpg', '123-456-7923', 1),
('user35', 'password35', 'Jack Black', 'jackB', 'jack.black@example.com', '852 Willow St', 'img35.jpg', '123-456-7924', 1),
('user36', 'password36', 'Scarlett Pink', 'scarlettP', 'scarlett.pink@example.com', '951 Oak St', 'img36.jpg', '123-456-7925', 1),
('user37', 'password37', 'Daniel White', 'danielW', 'daniel.white@example.com', '123 Maple St', 'img37.jpg', '123-456-7926', 1),
('user38', 'password38', 'Madison Blue', 'madisonB', 'madison.blue@example.com', '456 Pine St', 'img38.jpg', '123-456-7927', 1),
('user39', 'password39', 'Matthew Green', 'matthewG', 'matthew.green@example.com', '789 Birch St', 'img39.jpg', '123-456-7928', 1),
('user40', 'password40', 'Grace Black', 'graceB', 'grace.black@example.com', '321 Cedar St', 'img40.jpg', '123-456-7929', 1),
('user41', 'password41', 'Sebastian Yellow', 'sebastianY', 'sebastian.yellow@example.com', '654 Fir St', 'img41.jpg', '123-456-7930', 1),
('user42', 'password42', 'Chloe Red', 'chloeR', 'chloe.red@example.com', '987 Redwood St', 'img42.jpg', '123-456-7931', 1),
('user43', 'password43', 'Wyatt Orange', 'wyattO', 'wyatt.orange@example.com', '147 Spruce St', 'img43.jpg', '123-456-7932', 1),
('user44', 'password44', 'Aria Pink', 'ariaP', 'aria.pink@example.com', '258 Hemlock St', 'img44.jpg', '123-456-7933', 1),
('user45', 'password45', 'Owen Gray', 'owenG', 'owen.gray@example.com', '369 Cypress St', 'img45.jpg', '123-456-7934', 1),
('user46', 'password46', 'Layla Brown', 'laylaB', 'layla.brown@example.com', '741 Juniper St', 'img46.jpg', '123-456-7935', 1),
('user47', 'password47', 'Leo Gold', 'leoG', 'leo.gold@example.com', '852 Aspen St', 'img47.jpg', '123-456-7936', 1),
('user48', 'password48', 'Zoe Silver', 'zoeS', 'zoe.silver@example.com', '963 Alder St', 'img48.jpg', '123-456-7937', 1),
('user49', 'password49', 'Gabriel Bronze', 'gabrielB', 'gabriel.bronze@example.com', '159 Poplar St', 'img49.jpg', '123-456-7938', 1),
('user50', 'password50', 'Lillian White', 'lillianW', 'lillian.white@example.com', '753 Cherry St', 'img50.jpg', '123-456-7939', 1),
('user51', 'password51', 'Isaac Black', 'isaacB', 'isaac.black@example.com', '852 Willow St', 'img51.jpg', '123-456-7940', 1),
('user52', 'password52', 'Hannah Pink', 'hannahP', 'hannah.pink@example.com', '951 Oak St', 'img52.jpg', '123-456-7941', 1),
('user53', 'password53', 'Anthony White', 'anthonyW', 'anthony.white@example.com', '123 Maple St', 'img53.jpg', '123-456-7942', 1),
('user54', 'password54', 'Victoria Blue', 'victoriaB', 'victoria.blue@example.com', '456 Pine St', 'img54.jpg', '123-456-7943', 1),
('user55', 'password55', 'Maverick Green', 'maverickG', 'maverick.green@example.com', '789 Birch St', 'img55.jpg', '123-456-7944', 1),
('user56', 'password56', 'Luna Black', 'lunaB', 'luna.black@example.com', '321 Cedar St', 'img56.jpg', '123-456-7945', 1),
('user57', 'password57', 'Carter Yellow', 'carterY', 'carter.yellow@example.com', '654 Fir St', 'img57.jpg', '123-456-7946', 1),
('user58', 'password58', 'Penelope Red', 'penelopeR', 'penelope.red@example.com', '987 Redwood St', 'img58.jpg', '123-456-7947', 1),
('user59', 'password59', 'Jayden Orange', 'jaydenO', 'jayden.orange@example.com', '147 Spruce St', 'img59.jpg', '123-456-7948', 1),
('user60', 'password60', 'Riley Pink', 'rileyP', 'riley.pink@example.com', '258 Hemlock St', 'img60.jpg', '123-456-7949', 1),
('user61', 'password61', 'Dylan Gray', 'dylanG', 'dylan.gray@example.com', '369 Cypress St', 'img61.jpg', '123-456-7950', 1),
('user62', 'password62', 'Nora Brown', 'noraB', 'nora.brown@example.com', '741 Juniper St', 'img62.jpg', '123-456-7951', 1),
('user63', 'password63', 'Lincoln Gold', 'lincolnG', 'lincoln.gold@example.com', '852 Aspen St', 'img63.jpg', '123-456-7952', 1),
('user64', 'password64', 'Ellie Silver', 'ellieS', 'ellie.silver@example.com', '963 Alder St', 'img64.jpg', '123-456-7953', 1),
('user65', 'password65', 'Samuel Bronze', 'samuelB', 'samuel.bronze@example.com', '159 Poplar St', 'img65.jpg', '123-456-7954', 1),
('user66', 'password66', 'Addison White', 'addisonW', 'addison.white@example.com', '753 Cherry St', 'img66.jpg', '123-456-7955', 1),
('user67', 'password67', 'Jacob Black', 'jacobB', 'jacob.black@example.com', '852 Willow St', 'img67.jpg', '123-456-7956', 1),
('user68', 'password68', 'Samantha Pink', 'samanthaP', 'samantha.pink@example.com', '951 Oak St', 'img68.jpg', '123-456-7957', 1),
('user69', 'password69', 'Christopher White', 'chrisW', 'chris.white@example.com', '123 Maple St', 'img69.jpg', '123-456-7958', 1),
('user70', 'password70', 'Elizabeth Blue', 'elizabethB', 'elizabeth.blue@example.com', '456 Pine St', 'img70.jpg', '123-456-7959', 1),
('user71', 'password71', 'Mateo Green', 'mateoG', 'mateo.green@example.com', '789 Birch St', 'img71.jpg', '123-456-7960', 1),
('user72', 'password72', 'Paisley Black', 'paisleyB', 'paisley.black@example.com', '321 Cedar St', 'img72.jpg', '123-456-7961', 1),
('user73', 'password73', 'Julian Yellow', 'julianY', 'julian.yellow@example.com', '654 Fir St', 'img73.jpg', '123-456-7962', 1),
('user74', 'password74', 'Savannah Red', 'savannahR', 'savannah.red@example.com', '987 Redwood St', 'img74.jpg', '123-456-7963', 1),
('user75', 'password75', 'Hudson Orange', 'hudsonO', 'hudson.orange@example.com', '147 Spruce St', 'img75.jpg', '123-456-7964', 1),
('user76', 'password76', 'Brooklyn Pink', 'brooklynP', 'brooklyn.pink@example.com', '258 Hemlock St', 'img76.jpg', '123-456-7965', 1),
('user77', 'password77', 'Grayson Gray', 'graysonG', 'grayson.gray@example.com', '369 Cypress St', 'img77.jpg', '123-456-7966', 1),
('user78', 'password78', 'Aubree Brown', 'aubreeB', 'aubree.brown@example.com', '741 Juniper St', 'img78.jpg', '123-456-7967', 1),
('user79', 'password79', 'Cameron Gold', 'cameronG', 'cameron.gold@example.com', '852 Aspen St', 'img79.jpg', '123-456-7968', 1),
('user80', 'password80', 'Eleanor Silver', 'eleanorSS', 'eleanorr.silver@example.com', '963 Alder St', 'img80.jpg', '123-456-7969', 1),
('user81', 'password81', 'Asher Bronze', 'asherB', 'asher.bronze@example.com', '159 Poplar St', 'img81.jpg', '123-456-7970', 1),
('user82', 'password82', 'Skylar White', 'skylarW', 'skylar.white@example.com', '753 Cherry St', 'img82.jpg', '123-456-7971', 1),
('user83', 'password83', 'Joseph Black', 'josephB', 'joseph.black@example.com', '852 Willow St', 'img83.jpg', '123-456-7972', 1),
('user84', 'password84', 'Hazel Pink', 'hazelP', 'hazel.pink@example.com', '951 Oak St', 'img84.jpg', '123-456-7973', 1),
('user85', 'password85', 'Hunter White', 'hunterW', 'hunter.white@example.com', '123 Maple St', 'img85.jpg', '123-456-7974', 1),
('user86', 'password86', 'Stella Blue', 'stellaB', 'stella.blue@example.com', '456 Pine St', 'img86.jpg', '123-456-7975', 1),
('user87', 'password87', 'Elias Green', 'eliasG', 'elias.green@example.com', '789 Birch St', 'img87.jpg', '123-456-7976', 1),
('user88', 'password88', 'Aurora Black', 'auroraBB', 'aurora.black@example.com', '321 Cedar St', 'img88.jpg', '123-456-7977', 1),
('user89', 'password89', 'Ezra Yellow', 'ezraY', 'ezra.yellow@example.com', '654 Fir St', 'img89.jpg', '123-456-7978', 1),
('user90', 'password90', 'Violet Red', 'violetR', 'violet.red@example.com', '987 Redwood St', 'img90.jpg', '123-456-7979', 1),
('user91', 'password91', 'Luke Orange', 'lukeO', 'luke.orange@example.com', '147 Spruce St', 'img91.jpg', '123-456-7980', 1),
('user92', 'password92', 'Aaliyah Pink', 'aaliyahP', 'aaliyah.pink@example.com', '258 Hemlock St', 'img92.jpg', '123-456-7981', 1),
('user93', 'password93', 'Isaiah Gray', 'isaiahG', 'isaiah.gray@example.com', '369 Cypress St', 'img93.jpg', '123-456-7982', 1),
('user94', 'password94', 'Aurora Brown', 'auroraB', 'aurora.brown@example.com', '741 Juniper St', 'img94.jpg', '123-456-7983', 1),
('user95', 'password95', 'Thomas Gold', 'thomasG', 'thomas.gold@example.com', '852 Aspen St', 'img95.jpg', '123-456-7984', 1),
('user96', 'password96', 'Eleanor Silver', 'eleanorS', 'eleanor.silver@example.com', '963 Alder St', 'img96.jpg', '123-456-7985', 1),
('user97', 'password97', 'Theodore Bronze', 'theodoreB', 'theodore.bronze@example.com', '159 Poplar St', 'img97.jpg', '123-456-7986', 1),
('user98', 'password98', 'Violet White', 'violetW', 'violet.white@example.com', '753 Cherry St', 'img98.jpg', '123-456-7987', 1),
('user99', 'password99', 'Matthew Black', 'matthewB', 'matthew.black@example.com', '852 Willow St', 'img99.jpg', '123-456-7988', 1),
('user100', 'password100', 'Victoria Pink', 'victoriaP', 'victoria.pink@example.com', '951 Oak St', 'img100.jpg', '123-456-7989', 1);
-- Group Table Dummy Data
INSERT INTO `suseok`.`Group` 
(`group_name`, `group_admin`, `goal_pace`, `goal_frequency`, `goal_total_distance`, `con_pace`, `con_frequency`, `con_total_distance`, `pace`, `frequency`, `total_distance`) 
VALUES
('Group01', 1, 6.5, 3, 15, 6.0, 2, 12, 5.8, 2, 10),
('Group02', 2, 7.0, 4, 20, 6.8, 3, 18, 6.5, 3, 15),
('Group03', 3, 5.5, 2, 10, 5.3, 2, 9, 5.0, 2, 8),
('Group04', 4, 8.0, 5, 25, 7.8, 4, 22, 7.5, 4, 20),
('Group05', 5, 6.0, 3, 12, 5.8, 2, 10, 5.5, 2, 9),
('Group06', 6, 7.5, 4, 22, 7.3, 3, 20, 7.0, 3, 18),
('Group07', 7, 6.5, 3, 15, 6.3, 2, 13, 6.0, 2, 12),
('Group08', 8, 8.5, 5, 28, 8.3, 4, 25, 8.0, 4, 23),
('Group09', 9, 5.0, 2, 8, 4.8, 1, 7, 4.5, 1, 6),
('Group10', 10, 7.0, 4, 20, 6.8, 3, 18, 6.5, 3, 15),
('Group11', 11, 6.5, 3, 15, 6.3, 2, 13, 6.0, 2, 12),
('Group12', 12, 8.0, 5, 25, 7.8, 4, 22, 7.5, 4, 20),
('Group13', 13, 6.0, 3, 12, 5.8, 2, 10, 5.5, 2, 9),
('Group14', 14, 7.5, 4, 22, 7.3, 3, 20, 7.0, 3, 18),
('Group15', 15, 6.5, 3, 15, 6.3, 2, 13, 6.0, 2, 12),
('Group16', 16, 8.5, 5, 28, 8.3, 4, 25, 8.0, 4, 23),
('Group17', 17, 5.0, 2, 8, 4.8, 1, 7, 4.5, 1, 6),
('Group18', 18, 7.0, 4, 20, 6.8, 3, 18, 6.5, 3, 15),
('Group19', 19, 6.5, 3, 15, 6.3, 2, 13, 6.0, 2, 12),
('Group20', 20, 8.0, 5, 25, 7.8, 4, 22, 7.5, 4, 20);

-- Group_member_info Table Dummy Data
INSERT INTO `suseok`.`Group_member_info` 
(`group_id`, `user_seq`) 
VALUES
(1, 1), (1, 2), (1, 3), (1, 4), (1, 5),
(2, 6), (2, 7), (2, 8), (2, 9), (2, 10),
(3, 11), (3, 12), (3, 13), (3, 14), (3, 15),
(4, 16), (4, 17), (4, 18), (4, 19), (4, 20),
(5, 1), (5, 2), (5, 3), (5, 4), (5, 5),
(6, 6), (6, 7), (6, 8), (6, 9), (6, 10),
(7, 11), (7, 12), (7, 13), (7, 14), (7, 15),
(8, 16), (8, 17), (8, 18), (8, 19), (8, 20);

-- 유저 랭크 레코드
INSERT INTO `suseok`.`user_rank_record` (`user_seq`, `frequency`, `total_distance`, `highest_pace`) VALUES
(1, 190, 450, 190),
(2, 180, 470, 185),
(3, 170, 430, 200),
(4, 160, 420, 205),
(5, 150, 400, 210),
(6, 140, 380, 215),
(7, 130, 360, 220),
(8, 120, 340, 225),
(9, 110, 320, 230),
(10, 100, 300, 235),
(11, 90, 280, 240),
(12, 80, 260, 245),
(13, 70, 240, 250),
(14, 60, 220, 255),
(15, 50, 200, 260),
(16, 40, 180, 265),
(17, 30, 160, 270),
(18, 20, 140, 275),
(19, 10, 120, 280),
(20, 195, 460, 180),
(21, 185, 450, 185),
(22, 175, 430, 190),
(23, 165, 420, 195),
(24, 155, 400, 200),
(25, 145, 380, 205),
(26, 135, 360, 210),
(27, 125, 340, 215),
(28, 115, 320, 220),
(29, 105, 300, 225),
(30, 95, 280, 230),
(31, 85, 260, 235),
(32, 75, 240, 240),
(33, 65, 220, 245),
(34, 55, 200, 250),
(35, 45, 180, 255),
(36, 35, 160, 260),
(37, 25, 140, 265),
(38, 15, 120, 270),
(39, 10, 100, 275),
(40, 200, 480, 180),
(41, 190, 470, 185),
(42, 180, 450, 190),
(43, 170, 430, 195),
(44, 160, 420, 200),
(45, 150, 400, 205),
(46, 140, 380, 210),
(47, 130, 360, 215),
(48, 120, 340, 220),
(49, 110, 320, 225),
(50, 100, 300, 230),
(51, 90, 280, 235),
(52, 80, 260, 240),
(53, 70, 240, 245),
(54, 60, 220, 250),
(55, 50, 200, 255),
(56, 40, 180, 260),
(57, 30, 160, 265),
(58, 20, 140, 270),
(59, 10, 120, 275),
(60, 195, 460, 180),
(61, 185, 450, 185),
(62, 175, 430, 190),
(63, 165, 420, 195),
(64, 155, 400, 200),
(65, 145, 380, 205),
(66, 135, 360, 210),
(67, 125, 340, 215),
(68, 115, 320, 220),
(69, 105, 300, 225),
(70, 95, 280, 230),
(71, 85, 260, 235),
(72, 75, 240, 240),
(73, 65, 220, 245),
(74, 55, 200, 250),
(75, 45, 180, 255),
(76, 35, 160, 260),
(77, 25, 140, 265),
(78, 15, 120, 270),
(79, 10, 100, 275),
(80, 200, 480, 180),
(81, 190, 470, 185),
(82, 180, 450, 190),
(83, 170, 430, 195),
(84, 160, 420, 200),
(85, 150, 400, 205),
(86, 140, 380, 210),
(87, 130, 360, 215),
(88, 120, 340, 220),
(89, 110, 320, 225),
(90, 100, 300, 230),
(91, 90, 280, 235),
(92, 80, 260, 240),
(93, 70, 240, 245),
(94, 60, 220, 250),
(95, 50, 200, 255),
(96, 40, 180, 260),
(97, 30, 160, 265),
(98, 20, 140, 270),
(99, 10, 120, 275),
(100, 195, 460, 180);




-- board Table Dummy Data
INSERT INTO `suseok`.`board` 
(`group_id`, `writer_seq`, `title`, `content`, `img`, `notice`) 
VALUES
(1, 1, 'Title 1', 'Content 1', 'img1.jpg', 0),
(2, 2, 'Title 2', 'Content 2', 'img2.jpg', 0),
(3, 3, 'Title 3', 'Content 3', 'img3.jpg', 0),
(4, 4, 'Title 4', 'Content 4', 'img4.jpg', 0),
(5, 5, 'Title 5', 'Content 5', 'img5.jpg', 0),
(6, 6, 'Title 6', 'Content 6', 'img6.jpg', 0),
(7, 7, 'Title 7', 'Content 7', 'img7.jpg', 0),
(8, 8, 'Title 8', 'Content 8', 'img8.jpg', 0),
(9, 9, 'Title 9', 'Content 9', 'img9.jpg', 0),
(10, 10, 'Title 10', 'Content 10', 'img10.jpg', 0),
(11, 11, 'Title 11', 'Content 11', 'img11.jpg', 0),
(12, 12, 'Title 12', 'Content 12', 'img12.jpg', 0),
(13, 13, 'Title 13', 'Content 13', 'img13.jpg', 0),
(14, 14, 'Title 14', 'Content 14', 'img14.jpg', 0),
(15, 15, 'Title 15', 'Content 15', 'img15.jpg', 0),
(16, 16, 'Title 16', 'Content 16', 'img16.jpg', 0),
(17, 17, 'Title 17', 'Content 17', 'img17.jpg', 0),
(18, 18, 'Title 18', 'Content 18', 'img18.jpg', 0),
(19, 19, 'Title 19', 'Content 19', 'img19.jpg', 0),
(20, 20, 'Title 20', 'Content 20', 'img20.jpg', 0);

-- reply Table Dummy Data
INSERT INTO `suseok`.`reply` 
(`board_id`, `writer_seq`, `content`) 
VALUES
(1, 1, 'Reply 1'), (1, 2, 'Reply 2'), (1, 3, 'Reply 3'), (1, 4, 'Reply 4'), (1, 5, 'Reply 5'),
(2, 6, 'Reply 6'), (2, 7, 'Reply 7'), (2, 8, 'Reply 8'), (2, 9, 'Reply 9'), (2, 10, 'Reply 10'),
(3, 11, 'Reply 11'), (3, 12, 'Reply 12'), (3, 13, 'Reply 13'), (3, 14, 'Reply 14'), (3, 15, 'Reply 15'),
(4, 16, 'Reply 16'), (4, 17, 'Reply 17'), (4, 18, 'Reply 18'), (4, 19, 'Reply 19'), (4, 20, 'Reply 20'),
(5, 1, 'Reply 21'), (5, 2, 'Reply 22'), (5, 3, 'Reply 23'), (5, 4, 'Reply 24'), (5, 5, 'Reply 25'),
(6, 6, 'Reply 26'), (6, 7, 'Reply 27'), (6, 8, 'Reply 28'), (6, 9, 'Reply 29'), (6, 10, 'Reply 30'),
(7, 11, 'Reply 31'), (7, 12, 'Reply 32'), (7, 13, 'Reply 33'), (7, 14, 'Reply 34'), (7, 15, 'Reply 35'),
(8, 16, 'Reply 36'), (8, 17, 'Reply 37'), (8, 18, 'Reply 38'), (8, 19, 'Reply 39'), (8, 20, 'Reply 40');

select * from board;
select * from user;
select * from user_rank_record;
select * from `GROUP`;
select * from group_member_info;
select * from reply;
select * from rival_info;

